name,sort_name,units,rank,stream,roles,openalex_ids,orcid,notes
Véronic Bézaire,"Bezaire, Veronic",Biochemistry,"Associate Prof, Teaching Str.",Teaching,,A5066038243,,
Martha Mullally,"Mullally, Martha",Biochemistry; Biology,"Associate Prof, Teaching Str.",Teaching,Chair/Director,A5019482337 A5034951139,,
Alexandra Pettit,"Pettit, Alexandra",Biochemistry,"Associate Prof, Teaching Str.",Teaching,,A5051266926,0009-0000-8946-4319,
Kyle Biggar,"Biggar, Kyle",Biochemistry; Biology,Associate Professor,Research,Associate Dean (Research Innovation),A5089750530,0000-0002-1204-3329,
Jenny Bruin,"Bruin, Jenny",Biochemistry; Biology,Associate Professor,Research,,A5086759603 A5035328419,0000-0003-2326-7819,
Owen Rowland,"Rowland, Owen",Biochemistry; Biology,Full Professor,Research,,A5040689908,0000-0002-2752-2584,
William Willmore,"Willmore, William",Biochemistry; Biology; Chemistry,Full Professor,Research,,A5071692009 A5152543221,0000-0003-3874-7954,
Kama Szereszewski,"Szereszewski, Kama",Biology,"Assistant Prof, Teaching Str.",Teaching,,A5045997122,0000-0001-8002-1853,
Allyson Brady,"Brady, Allyson",Biology,Assistant Professor,Research,,A5080065169 A5134362542,0000-0003-0893-5532,
Eugene Fletcher,"Fletcher, Eugene",Biology,Assistant Professor,Research,,A5023117807,0000-0002-5146-4628,
Dalal Hanna,"Hanna, Dalal",Biology,Assistant Professor,Research,,A5041113474 A5125400806,0000-0002-0759-6930,
Federico Riva,"Riva, Federico",Biology,Assistant Professor,Research,,A5084534107,0000-0002-1724-4293,
Grégory Bulté,"Bulte, Gregory",Biology,"Associate Prof, Teaching Str.",Teaching,,A5010547109,0000-0002-7066-3526,
Iain McKinnell,"McKinnell, Iain",Biology,"Associate Prof, Teaching Str.",Teaching,,A5058705947,0009-0000-2098-6469,
Nigel Waltho,"Waltho, Nigel",Biology,"Associate Prof, Teaching Str.",Teaching,,A5032475917,,
Rachel Buxton,"Buxton, Rachel",Biology; Environmental & Interdisciplinary Sci,Associate Professor,Research,,A5079475373 A5125418520 A5137784185,0000-0002-2772-8435,
James Cheetham,"Cheetham, James",Biology,Associate Professor,Research,,A5108402547,,
Catherine Cullingham,"Cullingham, Catherine",Biology,Associate Professor,Research,,A5049215463,0000-0002-6715-0674,
Roslyn Dakin,"Dakin, Roslyn",Biology,Associate Professor,Research,,A5048763392,0000-0002-3140-3975,
Christina Davy,"Davy, Christina",Biology,Associate Professor,Research,,A5026616604,0000-0003-4011-6828,
Jeff Dawson,"Dawson, Jeff",Biology,Associate Professor,Research,Chair/Director,A5026516266,0000-0002-1747-8006,
Heath MacMillan,"MacMillan, Heath",Biology,Associate Professor,Research,,A5015610526,0000-0001-7598-3273,
Bruce McKay,"McKay, Bruce",Biology,Associate Professor,Research,,A5030941843,0000-0002-7921-1331,
Vivian Nguyen,"Nguyen, Vivian",Biology; Environmental & Interdisciplinary Sci,Associate Professor,Research,,A5070647713 A5125935747 A5126394840 A5133435927,0000-0002-8666-8137,
Tim Xing,"Xing, Tim",Biology,Associate Professor,Research,,A5044962675,0000-0002-8325-0835,
Sue Bertram,"Bertram, Sue",Biology,Full Professor,Research,Associate Dean (Faculty Affairs),A5029479096,0000-0002-1822-3208,
Joe Bennett,"Bennett, Joe",Biology; Environmental & Interdisciplinary Sci,Full Professor,Research,,A5077531020 A5125431405 A5135909499 A5152365341,0000-0002-3901-9513,
Steven Cooke,"Cooke, Steven",Biology; Environmental & Interdisciplinary Sci,Full Professor,Research,Chair/Director,A5022488779 A5125045620 A5137928481,0000-0002-5407-0659,
Lenore Fahrig,"Fahrig, Lenore",Biology,Full Professor,Research,,A5034472885,0000-0002-3841-0342,
Ashkan Golshani,"Golshani, Ashkan",Biology,Full Professor,Research,,A5005719112,0009-0008-9171-6245,
Root Gorelick,"Gorelick, Root",Biology,Full Professor,Research,,A5072547646,,
Shelley Hepworth,"Hepworth, Shelley",Biology,Full Professor,Research,,A5085104110,0000-0002-6496-3792,
Nicolas Rodrigue,"Rodrigue, Nicolas",Biology,Full Professor,Research,,A5014774866,0000-0002-6250-8876,
Tom Sherratt,"Sherratt, Tom",Biology,Full Professor,Research,,A5010033316 A5110888202 A5136528929,0000-0001-6837-3848,
Andrew Simons,"Simons, Andrew",Biology,Full Professor,Research,,A5062213427,0000-0002-0198-465X,
Myron Smith,"Smith, Myron",Biology,Full Professor,Research,,A5008057677 A5030551518,0000-0001-6274-0053,
Alex Wong,"Wong, Alex",Biology,Full Professor,Research,,A5049171921,0000-0001-6249-3013,
Jayne Yack,"Yack, Jayne",Biology,Full Professor,Research,,A5014591209,0000-0001-9383-6437,
Daniel Grégoire,"Gregoire, Daniel",Chemistry,Assistant Professor,Research,,A5086709133 A5073937593,0000-0002-1109-7333,
Yaxi Hu,"Hu, Yaxi",Chemistry,Assistant Professor,Research,,A5016158108,0000-0003-2192-7190,
Katherine Marczenko,"Marczenko, Katherine",Chemistry,Assistant Professor,Research,,A5047511675 A5115079923,0000-0003-4356-6795,
David Brock,"Brock, David",Chemistry,"Associate Prof, Teaching Str.",Teaching,,,,
Tyler Avis,"Avis, Tyler",Chemistry,Associate Professor,Research,,A5064108679,0000-0003-1890-3307,
David McMullin,"McMullin, David",Chemistry,Associate Professor,Research,,A5000651197,0000-0001-9808-924X,
Amy Rand,"Rand, Amy",Chemistry,Associate Professor,Research,,A5065315076,0000-0002-0755-8432,
Christopher Rowley,"Rowley, Christopher",Chemistry,Associate Professor,Research,,A5060557743,0000-0002-0205-952X,
David Sabatino,"Sabatino, David",Chemistry,Associate Professor,Research,,A5076479300 A5138085256,0000-0002-9797-0833,
Maria DeRosa,"DeRosa, Maria",Chemistry,Full Professor,Research,Dean,A5066891093,0000-0003-1868-6357,
Seán Barry,"Barry, Sean",Chemistry,Full Professor,Research,Chair/Director,A5086728720,0000-0001-5515-4734,
Robert Burk,"Burk, Robert",Chemistry,Full Professor,Research,,A5109073461,,
Farah Hosseinian,"Hosseinian, Farah",Chemistry,Full Professor,Research,,A5040986577 A5153401000,0000-0002-8278-3226,
Anatoli Ianoul,"Ianoul, Anatoli",Chemistry,Full Professor,Research,,A5043959535,0000-0002-4933-9836,
Edward Lai,"Lai, Edward",Chemistry,Full Professor,Research,,A5058376940,0000-0002-6046-1138,
Jeff Manthorpe,"Manthorpe, Jeff",Chemistry,Full Professor,Research,,A5110809020,0000-0002-6966-6797,
Jeff Smith,"Smith, Jeff",Chemistry,Full Professor,Research,,A5110660798,0000-0002-2760-1012,
Apollinaire Tsopmo,"Tsopmo, Apollinaire",Chemistry,Full Professor,Research,,A5028087565,0000-0002-7062-0833,
Mark Lanthier,"Lanthier, Mark",Computer Science,Assistant Professor,Research,,A5078163620,,
Svetlana Obraztsova,"Obraztsova, Svetlana",Computer Science,Assistant Professor,Research,,A5111815003,,
Zinovi Rabinovich,"Rabinovich, Zinovi",Computer Science,Assistant Professor,Research,,A5066651599,0000-0002-1796-8013,
Sriram Subramanian,"Subramanian, Sriram",Computer Science,Assistant Professor,Research,,A5034267102,0000-0001-6507-3049,
Junfeng Wen,"Wen, Junfeng",Computer Science,Assistant Professor,Research,,A5102404532 A5112873063 A5024894979 A5138700002,,
Robert Collier,"Collier, Robert",Computer Science,"Associate Prof, Teaching Str.",Teaching,,,,
Darryl Hill,"Hill, Darryl",Computer Science,"Associate Prof, Teaching Str.",Teaching,,A5079468658,0000-0002-5210-7112,
Jason Hinek,"Hinek, Jason",Computer Science,"Associate Prof, Teaching Str.",Teaching,,,,
Christine Laurendeau,"Laurendeau, Christine",Computer Science,"Associate Prof, Teaching Str.",Teaching,,A5032440674,,
Ava McKenney,"McKenney, Ava",Computer Science,"Associate Prof, Teaching Str.",Teaching,,,,
Andrew Runka,"Runka, Andrew",Computer Science,"Associate Prof, Teaching Str.",Teaching,,A5010429449,,
Alina Shaikhet,"Shaikhet, Alina",Computer Science,"Associate Prof, Teaching Str.",Teaching,,A5025204317,,
Alexa Sharp,"Sharp, Alexa",Computer Science,"Associate Prof, Teaching Str.",Teaching,,,,
Jean-Pierre Corriveau,"Corriveau, Jean-Pierre",Computer Science,Associate Professor,Research,Chair/Director,A5009496814,0000-0002-6570-3108,
AbdelRahman Abdou,"Abdou, AbdelRahman",Computer Science,Associate Professor,Research,,A5012118535,0000-0002-2783-107X,
David Barrera,"Barrera, David",Computer Science,Associate Professor,Research,,A5101557702 A5127950553,0000-0003-2319-9916,
Olga Baysal,"Baysal, Olga",Computer Science,Associate Professor,Research,Chair/Director,A5045453337,0000-0002-7681-8584,
Ahmed El-Roby,"El-Roby, Ahmed",Computer Science,Associate Professor,Research,,A5038522506,0000-0003-0737-3400,
Matthew Holden,"Holden, Matthew",Computer Science,Associate Professor,Research,,A5059280418,0000-0002-6031-7208,
Majid Komeili,"Komeili, Majid",Computer Science,Associate Professor,Research,,A5019355473,0000-0002-4695-3072,
Edward Melcer,"Melcer, Edward",Computer Science,Associate Professor,Research,,A5028127311,0000-0003-1760-5279,
Nadine Marie Moacdieh,"Moacdieh, Nadine Marie",Computer Science,Associate Professor,Research,,A5091253472,0000-0002-7677-7946,
Anil Somayaji,"Somayaji, Anil",Computer Science,Associate Professor,Research,,A5111980259,0000-0003-4761-9743,
Elizabeth Stobert,"Stobert, Elizabeth",Computer Science,Associate Professor,Research,,A5033826888,0009-0004-7949-0459,
Koon-Ho Alan Tsang,"Tsang, Koon-Ho Alan",Computer Science,Associate Professor,Research,,A5011108200 A5104142996,0000-0002-5711-3925,
Oliver van Kaick,"van Kaick, Oliver",Computer Science,Associate Professor,Research,,A5067529252,0000-0001-9869-6832,
Lianying Zhao,"Zhao, Lianying",Computer Science,Associate Professor,Research,,A5075517496,0000-0002-6376-4062,
Prosenjit Bose,"Bose, Prosenjit",Computer Science,Chancellor's Professor,Research,Associate Vice-President (Research),A5013674788 A5153321224,0000-0002-8906-0573,
Evangelos Kranakis,"Kranakis, Evangelos",Computer Science,Chancellor's Professor,Research,,A5003125546 A5138020548,0000-0002-8959-4428,
Michel Barbeau,"Barbeau, Michel",Computer Science,Full Professor,Research,Associate Dean (Graduate Affairs),A5087753863,0000-0003-3531-4926,
Sonia Chiasson,"Chiasson, Sonia",Computer Science,Full Professor,Research,,A5048641215,0000-0001-7314-2198,
Yuhong Guo,"Guo, Yuhong",Computer Science,Full Professor,Research,,A5043824291 A5102254246 A5126846553 A5145574456,0000-0002-7621-342X,
Douglas Howe,"Howe, Douglas",Computer Science,Full Professor,Research,,A5103167300,0009-0005-8865-6585,
Wilf LaLonde,"Lalonde, Wilf",Computer Science,Full Professor,Research,,A5113598683,,
Anil Maheshwari,"Maheshwari, Anil",Computer Science,Full Professor,Research,,A5103136561,0000-0002-1274-4598,
Patrick Morin,"Morin, Patrick",Computer Science,Full Professor,Research,,A5045902784,0000-0003-0471-4118,
David Mould,"Mould, David",Computer Science,Full Professor,Research,,A5007423253,0000-0001-5779-484X,
Michiel Smid,"Smid, Michiel",Computer Science,Full Professor,Research,,A5108374265,0000-0003-3683-9054,
Paul Van Oorschot,"Van Oorschot, Paul",Computer Science,Full Professor,Research,,A5011846293,0000-0002-5038-5370,
Sean Benjamin,"Benjamin, Sean",Computer Science,"Lecturer, Teaching Stream",Teaching,,,,
Connor Hillen,"Hillen, Connor",Computer Science,"Lecturer, Teaching Stream",Teaching,,A5097521518,,
Elliott Skierszkan,"Skierszkan, Elliott",Earth Sciences; Environmental & Interdisciplinary Sci,Assistant Professor,Research,,A5004339678,0000-0002-6178-9493,
Peter Crockford,"Crockford, Peter",Earth Sciences,Associate Professor,Research,,A5079339280 A5136689847,0000-0002-0770-6482,
Christopher Lawley,"Lawley, Christopher",Earth Sciences,Associate Professor,Research,,A5039642180 A5108970153,0000-0001-6877-0675,
Hillary Maddin,"Maddin, Hillary",Earth Sciences,Associate Professor,Research,,A5050813587,0000-0002-6969-4907,
Hanika Rizo Garza,"Rizo Garza, Hanika",Earth Sciences,Associate Professor,Research,,A5103132580,0000-0001-9635-007X,
Richard Amos,"Amos, Richard",Earth Sciences; Environmental & Interdisciplinary Sci,Full Professor,Research,,A5061206327,0000-0002-1843-9607,
Fred Gaidies,"Gaidies, Fred",Earth Sciences,Full Professor,Research,Chair/Director,A5031018839,0000-0001-6555-7887,
Dariush Motazedian,"Motazedian, Dariush",Earth Sciences,Full Professor,Research,,A5021721223,0000-0001-8589-3212,
James Mungall,"Mungall, James",Earth Sciences,Full Professor,Research,,A5076771505,0000-0001-9726-8545,
Tim Patterson,"Patterson, Tim",Earth Sciences,Full Professor,Research,,A5103741478,,
Sonia Gulati,"Gulati, Sonia",Health Sciences,"Associate Prof, Teaching Str.",Teaching,,A5113535471,,
Laura Pickell,"Pickell, Laura",Health Sciences,"Associate Prof, Teaching Str.",Teaching,,A5115092719,0009-0008-8100-2759,
Scott Sawler,"Sawler, Scott",Health Sciences,"Associate Prof, Teaching Str.",Teaching,,,,
Edana Cassol,"Cassol, Edana",Health Sciences,Associate Professor,Research,,A5102860806 A5105891808 A5143793194,0000-0002-8359-2739,
Kristin Connor,"Connor, Kristin",Health Sciences,Associate Professor,Research,,A5077589365,0000-0003-1494-3221,
Utkarsh Dang,"Dang, Utkarsh",Health Sciences,Associate Professor,Research,,A5037406350,0000-0003-4120-2015,
Francine Darroch,"Darroch, Francine",Health Sciences,Associate Professor,Research,,A5053994930,0000-0002-2049-8091,
Janet Jull,"Jull, Janet",Health Sciences,Associate Professor,Research,,A5039186263,0000-0002-0404-4313,
Menno Oudhoff,"Oudhoff, Menno",Health Sciences,Associate Professor,Research,,A5051609791,0000-0002-1180-8975,
Joerg Overhage,"Overhage, Joerg",Health Sciences,Associate Professor,Research,,A5101673091 A5101673092,,
Paul Peters,"Peters, Paul",Health Sciences,Associate Professor,Research,,A5028174340 A5075163524,0000-0001-5225-2005,
Renate Ysseldyk,"Ysseldyk, Renate",Health Sciences,Associate Professor,Research,,A5003590133,0000-0002-1411-2017,
Martin Holcik,"Holcik, Martin",Health Sciences,Full Professor,Research,Chair/Director,A5083053290,0000-0002-1922-5299,
Sean Landsman,"Landsman, Sean",Environmental & Interdisciplinary Sci,"Associate Prof, Teaching Str.",Teaching,,A5004620607,0000-0001-5555-8704,
Susan Aitken,"Aitken, Susan",Environmental & Interdisciplinary Sci,Full Professor,Research,,A5013024704,,
Jesse Vermaire,"Vermaire, Jesse",Environmental & Interdisciplinary Sci,Full Professor,Research,,A5045660798 A5136637051,0000-0002-9921-6148,
Esam Mahdi,"Mahdi, Esam",Mathematics & Statistics,"Assistant Prof, Teaching Str.",Teaching,,A5064909875,0000-0002-3447-0639,
Mohamad Elmasri,"Elmasri, Mohamad",Mathematics & Statistics,Assistant Professor,Research,,A5009823676,,
Ahmed Almaskut,"Almaskut, Ahmed",Mathematics & Statistics,"Associate Prof, Teaching Str.",Teaching,,A5059791108,,
Elena Devdariani,"Devdariani, Elena",Mathematics & Statistics,"Associate Prof, Teaching Str.",Teaching,,,,
Brandon Fodden,"Fodden, Brandon",Mathematics & Statistics,"Associate Prof, Teaching Str.",Teaching,,A5062414363,,
Wayne Horn,"Horn, Wayne",Mathematics & Statistics,"Associate Prof, Teaching Str.",Teaching,,A5007223958,,
David Amundsen,"Amundsen, David",Mathematics & Statistics,Associate Professor,Research,Associate Dean (Undergraduate Affairs),A5010640035,0000-0002-4331-489X,
Inna Bumagin,"Bumagin, Inna",Mathematics & Statistics,Associate Professor,Research,,A5019148832,,
Song Cai,"Cai, Song",Mathematics & Statistics,Associate Professor,Research,,A5021394311,0000-0003-1368-394X,
Kevin Cheung,"Cheung, Kevin",Mathematics & Statistics,Associate Professor,Research,,A5054501702 A5139740312,0000-0002-4287-1766,
Jason Crann,"Crann, Jason",Mathematics & Statistics,Associate Professor,Research,,A5088525336,0000-0002-0656-2974,
Sanjeena Dang,"Dang, Sanjeena",Mathematics & Statistics,Associate Professor,Research,,A5076277565,0000-0002-2462-7786,
Shirley Mills,"Mills, Shirley",Mathematics & Statistics,Associate Professor,Research,,A5021022443 A5140392839,,
Jason Nielsen,"Nielsen, Jason",Mathematics & Statistics,Associate Professor,Research,,A5056401586,,
Mohamedou Ould Mohamed Abdel Haye,"Ould Mohamed Abdel Haye, Moham",Mathematics & Statistics,Associate Professor,Research,,A5048159918,,
Gennady Shaikhet,"Shaikhet, Gennady",Mathematics & Statistics,Associate Professor,Research,,A5072859785,,
Charles Starling,"Starling, Charles",Mathematics & Statistics,Associate Professor,Research,,A5089426216,,
Yunran Wei,"Wei, Yunran",Mathematics & Statistics,Associate Professor,Research,,A5071922693,0000-0002-9616-9454,
Colin Ingalls,"Ingalls, Colin",Mathematics & Statistics,Full Professor,Research,Chair/Director,A5038022297,,
Matthias Neufang,"Neufang, Matthias",Mathematics & Statistics,Full Professor,Research,Vice Provost,A5112256058,0000-0001-5011-2535,
Yiqiang Zhao,"Zhao, Yiqiang",Mathematics & Statistics,Full Professor,Research,,A5025154473 A5110546970 A5009299197 A5139234431,0000-0002-7530-8064,
Ayşe Alaca,"Alaca, Ayse",Mathematics & Statistics,Full Professor,Research,,A5086948679,0000-0002-5989-7997,
Şaban Alaca,"Alaca, Saban",Mathematics & Statistics,Full Professor,Research,,A5036589297,0000-0003-3470-958X,
Yuly Billig,"Billig, Yuly",Mathematics & Statistics,Full Professor,Research,,A5052947695,0000-0002-1792-9073,
Dave Campbell,"Campbell, Dave",Mathematics & Statistics,Full Professor,Research,,A5022135015 A5058333716,0000-0001-8722-4450,
Lucy Campbell,"Campbell, Lucy",Mathematics & Statistics,Full Professor,Research,,A5103184487 A5016319185,0000-0003-4926-3437,
Patrick Farrell,"Farrell, Patrick",Mathematics & Statistics,Full Professor,Research,,,,
Zhicheng Gao,"Gao, Zhicheng",Mathematics & Statistics,Full Professor,Research,,A5102714122 A5103521117 A5148932056,0000-0001-6488-8721,
Minyi Huang,"Huang, Minyi",Mathematics & Statistics,Full Professor,Research,,A5082825311 A5122889286 A5134784081,0000-0003-1145-5281,
Emmanuel Lorin de la Grandmaison,"Lorin de la Grandmaison, Emman",Mathematics & Statistics,Full Professor,Research,,A5089953338,,
Paul Mezo,"Mezo, Paul",Mathematics & Statistics,Full Professor,Research,,A5014461576,,
Angelo Mingarelli,"Mingarelli, Angelo",Mathematics & Statistics,Full Professor,Research,,A5028453703,0000-0003-3870-5965,
Abbas Momeni,"Momeni, Abbas",Mathematics & Statistics,Full Professor,Research,,A5029667128,,
Daniel Panario,"Panario, Daniel",Mathematics & Statistics,Full Professor,Research,,A5017417125 A5152824327,0000-0003-3551-4063,
Sanjoy Sinha,"Sinha, Sanjoy",Mathematics & Statistics,Full Professor,Research,,A5102906360,0000-0003-3535-3765,
Natalia Stepanova,"Stepanova, Natalia",Mathematics & Statistics,Full Professor,Research,,A5101595807,0000-0003-0454-4729,
Brett Stevens,"Stevens, Brett",Mathematics & Statistics,Full Professor,Research,,A5010712874,0000-0003-4336-1773,
Steven Wang,"Wang, Steven",Mathematics & Statistics,Full Professor,Research,,,,
Kim Hellemans,"Hellemans, Kim",Neuroscience,Assistant Professor,Research,Associate Dean - Science (Recruit & Retention),A5063143254 A5057487632,0000-0001-9169-7314,
Zachary Patterson,"Patterson, Zachary",Neuroscience,"Associate Prof, Teaching Str.",Teaching,,A5046673751,0000-0001-7586-563X,
Argel Aguilar Valles,"Aguilar Valles, Argel",Neuroscience,Associate Professor,Research,,A5018003707 A5079237041,0000-0002-2272-1138,
Amy Bombay,"Bombay, Amy",Neuroscience,Associate Professor,Research,,A5051628337,0000-0003-0630-1608,
Melissa Chee,"Chee, Melissa",Neuroscience,Associate Professor,Research,,A5010229707,0000-0003-3815-9095,
Robyn McQuaid,"McQuaid, Robyn",Neuroscience,Associate Professor,Research,,A5086959137 A5153571886,0000-0003-4242-3135,
Natalina Salmaso,"Salmaso, Natalina",Neuroscience,Associate Professor,Research,,A5089514184,0000-0002-9661-5194,
John Stead,"Stead, John",Neuroscience,Associate Professor,Research,,A5021936585 A5135897128 A5125605993,0000-0002-5726-6809,
Hongyu Sun,"Sun, Hongyu",Neuroscience,Associate Professor,Research,,A5018174894 A5137418547,0000-0002-5926-4495,
Alfonso Abizaid Bucio,"Abizaid Bucio, Alfonso",Neuroscience,Full Professor,Research,,A5038294948 A5043519515 A5134433673,0000-0001-9303-3511,
Hymie Anisman,"Anisman, Hymie",Neuroscience,Full Professor,Research,,A5110122665 A5109921486,,
Amedeo D'Angiulli,"D'Angiulli, Amedeo",Neuroscience,Full Professor,Research,,A5003718052 A5121713327 A5153010931,0000-0002-8295-9850,
Shawn Hayley,"Hayley, Shawn",Neuroscience,Full Professor,Research,,A5060205460 A5122193404,0000-0001-7190-2843,
Matthew Holahan,"Holahan, Matthew",Neuroscience,Full Professor,Research,Chair/Director,A5037349270 A5139701958,0000-0001-7653-9262,
Kimberly Matheson,"Matheson, Kim",Neuroscience,Full Professor,Research,,A5037330792,0000-0003-1150-3335,
Patrice Smith,"Smith, Patrice",Neuroscience,Full Professor,Research,,A5036111826,0000-0002-0731-2803,
Jennifer Dale-Tam,"Dale-Tam, Jennifer",Nursing,"Assistant Prof, Teaching Str.",Teaching,,A5085750735,0000-0003-4461-7216,
Megan Manning,"Manning, Megan",Nursing,"Assistant Prof, Teaching Str.",Teaching,,,,
Katie Lucas,"Lucas, Katie",Nursing,"Associate Prof, Teaching Str.",Teaching,,A5088827509,,
Danielle Manley,"Manley, Danielle",Nursing,"Associate Prof, Teaching Str.",Teaching,Chair/Director,,,
Avery Berman,"Berman, Avery",Physics,Associate Professor,Research,,A5050890639,0000-0001-7631-1049,
Dag Gillberg,"Gillberg, Dag",Physics,Associate Professor,Research,,A5012581610 A5107856053 A5107887529 A5105785929,0000-0003-0341-0171,
Emily Heath,"Heath, Emily",Physics,Associate Professor,Research,,A5028520885,0000-0002-8251-3971,
Jesse Heilman,"Heilman, Jesse",Physics,Associate Professor,Research,,A5105512798 A5107901656 A5105710781 A5107858733,0000-0001-6792-2294,
Seyda Ipek,"Ipek, Seyda",Physics,Associate Professor,Research,,A5055211761 A5140626351,0000-0003-2309-7776,
Simon Viel,"Viel, Simon",Physics,Associate Professor,Research,,A5015116815,0000-0001-9554-4059,
Tong Xu,"Xu, Tong",Physics,Associate Professor,Research,,A5101085707,,
Yue Zhang,"Zhang, Yue",Physics,Associate Professor,Research,,A5100333695 A5137726308 A5126607711 A5152381954,0000-0002-1984-7450,
Alain Bellerive,"Bellerive, Alain",Physics,Chancellor's Professor,Research,,A5106686866 A5141505685,0000-0001-6775-0111,
Rowan Thomson,"Thomson, Rowan",Physics,Full Professor,Research,"Associate Dean (Equity, Diversity, and Inclusion)",A5000404812 A5134928042 A5109533553,0000-0002-5298-4625,
Mark Boulay,"Boulay, Mark",Physics,Full Professor,Research,,A5014920931,,
Razvan Gornea,"Gornea, Razvan",Physics,Full Professor,Research,,A5030814465,0000-0003-4063-8466,
Kevin Graham,"Graham, Kevin",Physics,Full Professor,Research,Chair/Director,A5018692207 A5075462075 A5106185000,0000-0002-5832-8653,
Thomas Grégoire,"Gregoire, Thomas",Physics,Full Professor,Research,,A5026031457,,
Thomas Koffas,"Koffas, Thomas",Physics,Full Professor,Research,,A5037712736 A5128369475,0000-0001-9612-4988,
Heather Logan,"Logan, Heather",Physics,Full Professor,Research,,A5073565055 A5113899761 A5024678253 A5133275341 A5114618607,0000-0002-0004-8675,
Sangeeta Murugkar,"Murugkar, Sangeeta",Physics,Full Professor,Research,,A5000978984,0000-0002-6350-4893,
Daniel Stolarski,"Stolarski, Daniel",Physics,Full Professor,Research,,A5023391330,0000-0002-1783-8163,
Manuella Vincter,"Vincter, Manuella",Physics,Full Professor,Research,,A5061052012,0000-0002-5338-8972,
John Buschek,"Buschek, John",TSE,"Associate Prof, Teaching Str.",Teaching,,,,
